{"cameraMode":{"drawMode":0,"name":"Shaded","section":"Shading Mode"},"sceneLighting":false,"audioPlay":false,"sceneViewState":{"showFog":true,"showMaterialUpdate":false,"showSkybox":false,"showFlares":true,"showImageEffects":true,"showParticleSystems":true},"in2DMode":false,"pivot":{"x":-28.981184005737306,"y":40.231231689453128,"z":-57.16975784301758},"rotation":{"x":0.04074563831090927,"y":-0.8849183320999146,"z":0.0784706398844719,"w":0.45734015107154848},"size":22.0,"orthographic":false}