{"cameraMode":{"drawMode":0,"name":"Shaded","section":"Shading Mode"},"sceneLighting":true,"audioPlay":false,"sceneViewState":{"showFog":true,"showMaterialUpdate":false,"showSkybox":true,"showFlares":true,"showImageEffects":true,"showParticleSystems":true},"in2DMode":false,"pivot":{"x":3.7887816429138185,"y":-7.255661964416504,"z":9.91969108581543},"rotation":{"x":-0.04240068793296814,"y":-0.5214289426803589,"z":0.8518857955932617,"w":-0.026073893532156946},"size":24.02454948425293,"orthographic":false}